{
    "$schema": "https://schema.management.azure.com/schemas/2015-01-01/deploymentTemplate.json#",
    "contentVersion": "1.0.0.0",
    "parameters": {
        "env": {
            "defaultValue": "dev",
            "type": "String"
        },
        "workspaces_crxbi_databricks_name": {
            "defaultValue": "[concat('crxbi-',parameters('env'),'-databricks')]",
            "type": "String"
        },
		"subscriptionId": {
            "defaultValue": "",
            "type": "String"
        },
        "tier": {
            "defaultValue": "standard",
            "type": "String"
        },
        "objectId": {          
            "defaultValue": "none",
            "type": "String"
        },
		"networkName": {
            "defaultValue": "[if(equals(parameters('env'),'prd'),'inf-networking-centralus','dev-networking-centralus')]",
            "type": "String"
        },
		"virtualNetworksId": {
        "defaultValue": "[format('/subscriptions/{0}/resourceGroups/{1}/providers/Microsoft.Network/virtualNetworks/{2}', parameters('subscriptionId'), parameters('networkName'), parameters('networkName'))]",	
        "type": "String"
        }
    },
    "variables": {},
    "resources": [
        {
            "type": "Microsoft.Databricks/workspaces",
            "apiVersion": "2018-04-01",
            "name": "[parameters('workspaces_crxbi_databricks_name')]",
            "location": "centralus",
            "sku": {
                "name": "[parameters('tier')]",
                "tier": "[parameters('tier')]"
            },
            "properties": {
                "managedResourceGroupId": "[concat('/subscriptions/',subscription().subscriptionId,'/resourceGroups/databricks-rg-', parameters('workspaces_crxbi_databricks_name'), '-iw3jyz6yj36f7')]",
                "parameters": {
                    "customPrivateSubnetName": {
                        "value": "[concat('sn-',parameters('env'),'-databrick-pri-uscentral')]"
                    },
                    "customPublicSubnetName": {
                        "value": "[concat('sn-',parameters('env'),'-databrick-pub-uscentral')]"
                    },
                    "customVirtualNetworkId": {
                        "value": "[parameters('virtualNetworksId')]"
                    }
                },					
                "authorizations": [
                    {
                        "principalId": "9a74af6f-d153-4348-988a-e2672920bee9",
                        "roleDefinitionId": "8e3af657-a8ff-443c-a75c-2fe8c4bcb635"
                    }
                ]
            }
        } 
    ]
}