{
    "$schema": "https://schema.management.azure.com/schemas/2015-01-01/deploymentTemplate.json#",
    "contentVersion": "1.0.0.0",
    "parameters": {
        "env": {
            "defaultValue": "dev",
            "type": "String"
        },
        "dataFactoryName": {
            "defaultValue": "[concat('crxbi-',parameters('env'),'-datafactory')]",
            "type": "String"
        },
        "tier": {
            "defaultValue": "standard",
            "type": "String"
        },
        "objectId": {          
            "defaultValue": "none",
            "type": "String"
        }
    },
    "variables":{  
        "factoryId":"[concat('Microsoft.DataFactory/factories/', parameters('dataFactoryName'))]"
    },
    "resources":[  
        {  
            "name":"[parameters('dataFactoryName')]",
            "apiVersion":"2018-06-01",
            "type":"Microsoft.DataFactory/factories",
            "location":"centralus",
            "identity":{  
                "type":"SystemAssigned"
            },
            "resources":[]
        }
    ]
}