{
    "$schema": "https://schema.management.azure.com/schemas/2015-01-01/deploymentTemplate.json#",
    "contentVersion": "1.0.0.0",
    "parameters": {
        "env": {
            "defaultValue": "dev",
            "type": "String"
        },
        "sites_SnowflakeAcl_name": {
            "defaultValue": "[concat('SnowflakeAcl',parameters('env'))]",
            "type": "String"
        },
        "storageAccounts_name": {
            "defaultValue": "[concat('crxbi',parameters('env'),'storage')]",
            "type": "String"
        },
        "tier": {
            "defaultValue": "standard",
            "type": "String"
        },
        "objectId": {
            "defaultValue": "none",
            "type": "String"
        },
        "sites_CreateSnowflakeAcl_name": {
            "defaultValue": "[concat('CreateSnowflakeAcl_',parameters('env'))]",
            "type": "String"
        },
        "subscriptionId": {
            "defaultValue": "",
            "type": "String"
        },
        "serviceAppPlan": {
            "defaultValue": "",
            "type": "String"
        },
		"rg": {
            "defaultValue": "none",
            "type": "String"
        },
		"storage_rg": {
            "defaultValue": "none",
            "type": "String"
        },
		"storageAccountName": {
            "defaultValue": "[concat('crxbi',parameters('env'),'storage')]",
            "type": "String"
        },
		"SnowflakeAuditRole": {
			"defaultValue": "[if(equals(parameters('env'),'prd'),'SYSADMIN','ROLE_BI_ETL_DEV')]",
			"type": "String"
		},
		"storageAccountId": {
			"defaultValue": "[concat('/subscriptions/',parameters('subscriptionId'),'/resourceGroups/',parameters('storage_rg'),'/providers/Microsoft.Storage/storageAccounts/',parameters('storageAccountName'))]",
			"type": "String"
		},
		"alertName": {
            "type": "string",
            "minLength": 1,
            "defaultValue": "[concat('Snowflake_rowbased_perms_', parameters('env'))]"
        },
		"alertSeverity": {
            "type": "int",
            "defaultValue": "[if(equals(parameters('env'),'prd'),1,3)]",
            "metadata": {
                "description": "Severity of alert {0,1,2,3,4}"
            }
        },
		"evaluationFrequency": {
            "type": "string",
            "defaultValue": "PT30M",
            "metadata": {
                "description": "how often the metric alert is evaluated represented in ISO 8601 duration format"
            }
        },
		 "windowSize": {
            "type": "string",
            "defaultValue": "PT30M",
            "metadata": {
                "description": "Period of time used to monitor alert activity based on the threshold. Must be between one minute and one day. ISO 8601 duration format."
            }
        },
		"operator": {
            "type": "string",
            "defaultValue": "GreaterThanOrEqual",
            "metadata": {
                "description": "Operator comparing the current value with the threshold value."
            }
        },
		"threshold": {
            "type": "string",
            "defaultValue": "1",
            "metadata": {
                "description": "The threshold value at which the alert is activated."
            }
        },
		"timeAggregation": {
            "type": "string",
            "defaultValue": "Count",
            "metadata": {
                "description": "How the data that is collected should be combined over time."
            }
        },
		"metricName": {
            "type": "string",
            "minLength": 1,
            "defaultValue": "requests/failed"
        },
        "serverFarmId": {
            "defaultValue": "[format('/subscriptions/{0}/resourceGroups/{1}/providers/Microsoft.Web/serverfarms/{2}', parameters('subscriptionId'), parameters('rg'), parameters('serviceAppPlan'))]",
            "type": "String"
        },
		"alertRG": {
            "defaultValue": "[if(equals(parameters('env'),'prd'),parameters('rg'),'Default-ActivityLogAlerts')]",
            "type": "String"
        },
		"actionGroupId": {
            "defaultValue": "[format('/subscriptions/{0}/resourceGroups/{1}/providers/Microsoft.Insights/actiongroups/BusinessAnalyticsETL', parameters('subscriptionId'), parameters('alertRG'))]",
            "type": "String"
        }
    },
    "resources": [
		{
            "type": "Microsoft.Web/serverfarms",
            "apiVersion": "2018-02-01",
            "name": "[parameters('serviceAppPlan')]",
            "location": "Central US",
            "sku": {
                "name": "Y1",
                "tier": "Dynamic",
                "size": "Y1",
                "family": "Y",
                "capacity": 0
            },
            "kind": "functionapp",
            "properties": {
                "perSiteScaling": false,
                "maximumElasticWorkerCount": 1,
                "isSpot": false,
                "reserved": true,
                "isXenon": false,
                "hyperV": false,
                "targetWorkerCount": 0,
                "targetWorkerSizeId": 0
            }
        },	
		 {
            "type": "microsoft.insights/components",
            "apiVersion": "2015-05-01",
            "name": "[parameters('sites_SnowflakeAcl_name')]",
            "location": "centralus",
            "kind": "web",
            "properties": {
                "Application_Type": "web",
                "Flow_Type": "Redfield",
                "Request_Source": "IbizaAIExtension"
            }
        },
        {
            "type": "Microsoft.Web/sites",
            "apiVersion": "2016-03-01",
            "name": "[parameters('sites_SnowflakeAcl_name')]",
            "location": "Central US",
            "kind": "functionapp,linux",
			"identity": {
                "type": "SystemAssigned"
            },
            "properties": {
                "enabled": true,
                "hostNameSslStates": [
                    {
                        "name": "[concat('snowflakeacl',parameters('env'),'.azurewebsites.net')]",
                        "sslState": "Disabled",
                        "hostType": "Standard"
                    },
                    {
                        "name": "[concat('snowflakeacl',parameters('env'),'.azurewebsites.net')]",
                        "sslState": "Disabled",
                        "hostType": "Repository"
                    }
                ],
                "serverFarmId": "[parameters('serverFarmId')]",
                "reserved": true,
                "isXenon": false,
                "hyperV": false,
                "scmSiteAlsoStopped": false,
                "clientAffinityEnabled": false,
                "clientCertEnabled": false,
                "hostNamesDisabled": false,
                "containerSize": 0,
                "dailyMemoryTimeQuota": 0,
                "httpsOnly": false,
                "redundancyMode": "None",
                "siteConfig": {
					"appSettings": [
						{
							"name": "FUNCTIONS_WORKER_RUNTIME",
							"value": "python"
						},
						{
							"name": "AzureWebJobsStorage",
							"value": "[concat('DefaultEndpointsProtocol=https;AccountName=', parameters('storageAccountName'), ';AccountKey=', listKeys(parameters('storageAccountId'),'2015-05-01-preview').key1)]"
						},
						{
							"name": "WEBSITE_NODE_DEFAULT_VERSION",
							"value": "10.14.1"
						},
						{
							"name": "APPINSIGHTS_INSTRUMENTATIONKEY",
							"value": "[reference(resourceId('Microsoft.Insights/components', parameters('sites_SnowflakeAcl_name')), '2014-04-01').InstrumentationKey]"
						},
						{
							"name": "KEY_VAULT",
							"value": "[concat('crxbi-',parameters('env'),'-kv')]"
						},
						{
							"name": "SNOWFLAKE_ADMIN_ROLE",
							"value": "ACCOUNTADMIN"
						},
						{
							"name": "SNOWFLAKE_AUDIT_ROLE",
							"value": "[parameters('SnowflakeAuditRole')]"
						},
						{
							"name": "SNOWFLAKE_SCHEMA",
							"value": "EDW"
						},
						{
							"name": "FUNCTIONS_EXTENSION_VERSION",
							"value": "~3"
						}
					]
            }
            }
        },
        {
            "type": "Microsoft.Web/sites/config",
            "apiVersion": "2018-11-01",
            "name": "[concat(parameters('sites_SnowflakeAcl_name'), '/web')]",
            "location": "Central US",
            "dependsOn": [
                "[resourceId('Microsoft.Web/sites', parameters('sites_SnowflakeAcl_name'))]"
            ],
            "properties": {
                "numberOfWorkers": 1,
                "defaultDocuments": [
                    "Default.htm",
                    "Default.html",
                    "Default.asp",
                    "index.htm",
                    "index.html",
                    "iisstart.htm",
                    "default.aspx",
                    "index.php"
                ],
                "netFrameworkVersion": "v4.0",
                "linuxFxVersion": "python|3.7",
                "requestTracingEnabled": false,
                "remoteDebuggingEnabled": false,
                "httpLoggingEnabled": false,
                "logsDirectorySizeLimit": 35,
                "detailedErrorLoggingEnabled": false,
                "publishingUsername": "$SnowflakeAcl",
                "scmType": "None",
                "use32BitWorkerProcess": false,
                "webSocketsEnabled": false,
                "alwaysOn": false,
                "managedPipelineMode": "Integrated",
                "virtualApplications": [
                    {
                        "virtualPath": "/",
                        "physicalPath": "site\\wwwroot",
                        "preloadEnabled": false
                    }
                ],
                "loadBalancing": "LeastRequests",
                "experiments": {
                    "rampUpRules": []
                },
                "autoHealEnabled": false,
                "cors": {
                    "allowedOrigins": [
                        "https://functions.azure.com",
                        "https://functions-staging.azure.com",
                        "https://functions-next.azure.com"
                    ],
                    "supportCredentials": false
                },
                "localMySqlEnabled": false,
                "ipSecurityRestrictions": [
                    {
                        "ipAddress": "Any",
                        "action": "Allow",
                        "priority": 1,
                        "name": "Allow all",
                        "description": "Allow all access"
                    }
                ],
                "scmIpSecurityRestrictions": [
                    {
                        "ipAddress": "Any",
                        "action": "Allow",
                        "priority": 1,
                        "name": "Allow all",
                        "description": "Allow all access"
                    }
                ],
                "scmIpSecurityRestrictionsUseMain": false,
                "http20Enabled": false,
                "minTlsVersion": "1.2",
                "ftpsState": "AllAllowed",
                "reservedInstanceCount": 0
            }
        },
        {
            "type": "Microsoft.Web/sites/hostNameBindings",
            "apiVersion": "2018-11-01",
            "name": "[concat(parameters('sites_SnowflakeAcl_name'), '/', parameters('sites_SnowflakeAcl_name'), '.azurewebsites.net')]",
            "location": "Central US",
            "dependsOn": [
                "[resourceId('Microsoft.Web/sites', parameters('sites_SnowflakeAcl_name'))]"
            ],
            "properties": {
                "siteName": "[concat('SnowflakeAcl',parameters('env'))]",
                "hostNameType": "Verified"
            }
        },
		{
            "name": "[parameters('alertName')]",
            "type": "Microsoft.Insights/metricAlerts",
            "location": "global",
            "apiVersion": "2018-03-01",
            "properties": {
                "severity": "[parameters('alertSeverity')]",
                "scopes": ["[resourceId('Microsoft.Insights/Components', parameters('sites_SnowflakeAcl_name'))]"],
                "enabled": true,
                "evaluationFrequency":"[parameters('evaluationFrequency')]",
                "windowSize": "[parameters('windowSize')]",
                "criteria": {
                    "odata.type": "Microsoft.Azure.Monitor.SingleResourceMultipleMetricCriteria",
                    "allOf": [
                        {
                            "name" : "1st criterion",
                            "metricName": "[parameters('metricName')]",
                            "operator": "[parameters('operator')]",
                            "threshold" : "[parameters('threshold')]",
                            "timeAggregation": "[parameters('timeAggregation')]"
                        }
                    ]
                },
                "actions": [
                    {
                        "actionGroupId": "[parameters('actionGroupId')]"
                    }
                ]
            }
        }
    ]
}
