{
    "$schema": "https://schema.management.azure.com/schemas/2015-01-01/deploymentTemplate.json#",
    "contentVersion": "1.0.0.0",
    "parameters": {
        "env": {
            "defaultValue": "qa",
            "type": "String"
        },
        "vaults_crxbi_kv_name": {
            "defaultValue": "[concat('crxbi-',parameters('env'),'-kv')]",
            "type": "String"
        },
        "dataFactory_name": {          
            "defaultValue": "[concat('crxbi-',parameters('env'),'-datafactory')]",
            "type": "String"
        },
        "adbId": {          
            "defaultValue": "[concat('crxbi-',parameters('env'),'-databricks')]",
            "type": "String"
        },
		"funcId": {          
            "defaultValue": "[concat('SnowflakeAcl',parameters('env'))]",
            "type": "String"
        },
		"biDevGroupId": {          
            "defaultValue": "AzureBIDeveloper",
            "type": "String"
        },
		"biAdminGroupId": {          
            "defaultValue": "AzureBiAdmins",
            "type": "String"
        },
        "tier": {
            "defaultValue": "standard",
            "type": "String"
        },
        "objectId": {          
            "defaultValue": "none",
            "type": "String"
        }
    },
    "variables": {},
    "resources": [
        {
            "type": "Microsoft.KeyVault/vaults",
            "apiVersion": "2016-10-01",
            "name": "[parameters('vaults_crxbi_kv_name')]",
            "location": "centralus",
            "properties": {
                "sku": {
                    "family": "A",
                    "name": "standard"
                },
                "tenantId": "[reference(concat('Microsoft.DataFactory/factories/', parameters('dataFactory_name')), '2018-06-01', 'Full').identity.tenantId]",
                "accessPolicies": [
				                    {
                        "tenantId": "[reference(concat('Microsoft.DataFactory/factories/', parameters('dataFactory_name')), '2018-06-01', 'Full').identity.tenantId]",
                        "objectId": "[parameters('biAdminGroupId')]",
                        "permissions": {
                            "keys": [
                                "Get",
                                "List",
                                "Update",
                                "Create",
                                "Import",
                                "Delete",
                                "Recover",
                                "Backup",
                                "Restore"
                            ],
                            "secrets": [
                                "Get",
                                "List",
                                "Set",
                                "Delete",
                                "Recover",
                                "Backup",
                                "Restore"
                            ],
                            "certificates": []
                        }
                    },
                    {
                        "tenantId": "[reference(concat('Microsoft.DataFactory/factories/', parameters('dataFactory_name')), '2018-06-01', 'Full').identity.tenantId]",
                        "objectId": "[parameters('biDevGroupId')]",
                        "permissions": {
                            "keys": [
                                "Get",
                                "List",
                                "Update",
                                "Create",
                                "Import",
                                "Delete",
                                "Recover",
                                "Backup",
                                "Restore"
                            ],
                            "secrets": [
                                "Get",
                                "List",
                                "Set",
                                "Delete",
                                "Recover",
                                "Backup",
                                "Restore"
                            ],
                            "certificates": []
                        }
                    },
                    {
                        "tenantId": "[reference(concat('Microsoft.DataFactory/factories/', parameters('dataFactory_name')), '2018-06-01', 'Full').identity.tenantId]",
                        "objectId": "[parameters('funcId')]",
                        "permissions": {
                            "keys": [
                                "Get",
                                "List"
                            ],
                            "secrets": [
                                "Get",
                                "List"
                            ],
                            "certificates": []
                        }
                    },
                    {
                        "tenantId": "[reference(concat('Microsoft.DataFactory/factories/', parameters('dataFactory_name')), '2018-06-01', 'Full').identity.tenantId]",
                        "objectId": "[reference(concat('Microsoft.DataFactory/factories/', parameters('dataFactory_name')), '2018-06-01', 'Full').identity.principalId]",
                        "permissions": {
                            "keys": [],
                            "secrets": [
                                "get",
                                "list"
                            ],
                            "certificates": []
                        }
                    },
                    {
                        "tenantId": "[reference(concat('Microsoft.DataFactory/factories/', parameters('dataFactory_name')), '2018-06-01', 'Full').identity.tenantId]",
                        "objectId": "[parameters('adbId')]",
                        "permissions": {
                            "keys": [],
                            "secrets": [
                                "get",
                                "list"
                            ],
                            "certificates": []
                        }
                    },
                    {
                        "tenantId": "[reference(concat('Microsoft.DataFactory/factories/', parameters('dataFactory_name')), '2018-06-01', 'Full').identity.tenantId]",
                        "objectId": "[parameters('objectId')]",
                        "permissions": {
                            "keys": [],
                            "secrets": [
                                "get",
                                "list"
                            ],
                            "certificates": []
                        }
                    }
                ],
                "enabledForDeployment": false,
                "enabledForDiskEncryption": false,
                "enabledForTemplateDeployment": false
            }
        }
    ]
}